{
  "stats": {
    "hunger": 99.92041600000108,
    "happiness": 99.99011600000043,
    "energy": 91.90607000000087,
    "cleanliness": 93.9700419999985,
    "health": 96.44938836849217
  },
  "last_timestamp": 1767042180.410132,
  "sleeping": false
}