{
  "start_time": 1767039831.2604392,
  "last_watered": 1767039833.890188,
  "manual_growth": 0.8
}